district,mean_articles_per_month,n_months_observed
"High plateau Irish potatoes, maize, acha (Digitaria), and livestock, Bauchi, Nigeria",29742.833333333332,48
"Ginger and turmeric with maize, sorghum, yams, and acha (Digitaria), Kaduna, Nigeria",29360.041666666668,48
"High plateau Irish potatoes, maize, acha (Digitaria), and livestock, Plateau, Nigeria",29219.541666666668,48
"Western Agropastoral Zone, Waso, Samburu East, Samburu, Kenya",15710.583333333334,48
"Northern Pastoral Zone, Waso, Samburu East, Samburu, Kenya",15710.583333333334,48
"Gumer, Gurage, SNNPR, Ethiopia",8297.833333333334,48
"Gumer, Gurage, Central Ethiopia, Ethiopia",8297.833333333334,48
"Gumer, Guraghe, SNNPR, Ethiopia",8297.791666666666,48
"Transhumant and Nomad Pastoralism, Tchirozerine, Agadez, Niger",3504.5833333333335,48
"Not Zoned (Desert), Tchirozerine, Agadez, Niger",3504.5833333333335,48
"Aïr Massif Irrigated Gardening, Tchirozerine, Agadez, Niger",3504.5833333333335,48
"Central Agropastoral, Fitri, Batha, Chad",2959.25,48
"Urban, Chitungwiza, Harare, Zimbabwe",2956.676470588235,34
"Urban, Epworth, Harare, Zimbabwe",2940.823529411765,34
"Urban, Harare Urban, Harare, Zimbabwe",2940.764705882353,34
"Western Agropastoral Millet, Soudari, North Kordofan, Sudan",2703.75,48
"West and Central Pastoral, Soudari, North Kordofan, Sudan",2700.4791666666665,48
"Lusulu, Lupane and Southern Gokwe Mixed Agriculture, Kwekwe Rural, Midlands, Zimbabwe",2449.972222222222,36
"Eastern Kalahari Sandveld Communal, Kwekwe Rural, Midlands, Zimbabwe",2441.777777777778,36
"Northern Cattle and Cereal Farming, Kwekwe Rural, Midlands, Zimbabwe",2441.777777777778,36
"Urban, Kwekwe Urban, Midlands, Zimbabwe",2441.75,36
"Lakeshore and Riverbank Fishing Zone, Dokolo, Northern, Uganda",1695.2391304347825,46
"Mid North Simsim Maize Cassava Zone, Dokolo, Northern, Uganda",1695.2391304347825,46
"SANAGA-MBAM PLAIN: cocoa, plantain, pineapple, market gardening, cassava, yellow yams, smallstock, poultry, Mbam et Kim, Centre, Cameroon",1662.5416666666667,48
"Eastern Central Lowland Cassava Sorghum and Groundnut Zone, Dokolo, Northern, Uganda",1661.1489361702127,47
"Nomadism and Trans-Saharan Trade, Goundam, Tombouctou, Mali",1626.0208333333333,48
"Lakes Recessional Millet and Sorghum, Goundam, Tombouctou, Mali",1626.0208333333333,48
"Northern Livestock, Goundam, Tombouctou, Mali",1626.0208333333333,48
"Lagos Peri-urban: fishing, poultry, piggeries, market gardening, and coconuts, Ogun, Nigeria",1555.6666666666667,48
"Lagos Peri-urban: fishing, poultry, piggeries, market gardening, and coconuts, Lagos, Nigeria",1337.8541666666667,48
"Rokero Camp, Sudan",1276.6458333333333,48
"Enderta, South Eastern, Tigray, Ethiopia",1249.9791666666667,48
"Enderta, Southeast Tigray, Tigray, Ethiopia",1249.9791666666667,48
"Addun Pastoral, Hobyo, Mudug, Somalia",1205.9583333333333,48
"Coastal Deeh Pastoral and Fishing, Hobyo, Mudug, Somalia",1205.9583333333333,48
"Cowpea Belt Agropastoral, Hobyo, Mudug, Somalia",1205.9583333333333,48
"Kasungu Lilongwe Plain, Dowa, Central, Malawi",1159.7291666666667,48
"Urban, Dowa, Central, Malawi",1108.4166666666667,48
"Central yams and maize belt, with cassava, rice, and soybeans, Federal Capital Territory, Nigeria",1010.5208333333334,48
"Flood-retreat Cultivation, Um Durman, Khartoum, Sudan",980.7916666666666,48
"West and Central Pastoral, Um Durman, Khartoum, Sudan",980.7916666666666,48
"Southern Riverine Small/Medium-scale Cultivation, Um Durman, Khartoum, Sudan",980.7916666666666,48
"Southern Riverine Small/Medium-scale Cultivation, Jebel Awlia, Khartoum, Sudan",967.7916666666666,48
"Eastern Agropastoral Sorghum, Sharg An Neel, Khartoum, Sudan",964.0416666666666,48
"Eastern Pastoral, Bahri, Khartoum, Sudan",964.0416666666666,48
"Eastern Pastoral, Khartoum, Khartoum, Sudan",964.0416666666666,48
"Eastern Pastoral, Jebel Awlia, Khartoum, Sudan",964.0416666666666,48
"West and Central Pastoral, Karrari, Khartoum, Sudan",964.0416666666666,48
"Southern Riverine Small/Medium-scale Cultivation, Karrari, Khartoum, Sudan",964.0416666666666,48
"Southern Riverine Small/Medium-scale Cultivation, Khartoum, Khartoum, Sudan",964.0416666666666,48
"West and Central Pastoral, Um Bada, Khartoum, Sudan",964.0416666666666,48
"Southern Riverine Small/Medium-scale Cultivation, Bahri, Khartoum, Sudan",964.0416666666666,48
"Central Irrigated Schemes, Jebel Awlia, Khartoum, Sudan",964.0416666666666,48
"Eastern Pastoral, Sharg An Neel, Khartoum, Sudan",964.0416666666666,48
"Flood-retreat Cultivation, Jebel Awlia, Khartoum, Sudan",964.0416666666666,48
"Southern Highlands, Gitega, Burundi",943.8333333333334,48
"Eastern Arid Plateaus, Gitega, Burundi",943.8333333333334,48
"Humid Plateaus, Gitega, Burundi",943.8333333333334,48
"Cheringoma and Muanza Maize and Cassava, Cheringoma, Sofala, Mozambique",834.1875,48
"Cheringoma and Muanza Maize and Cassava, Muanza, Sofala, Mozambique",834.1875,48
"Niger-Benue rivers fishing and food crops, Nasarawa, Nigeria",831.1875,48
"Niger and Benue rivers flood plain rice with maize, vegetables, and livestock, Nasarawa, Nigeria",831.1875,48
"Niger-Benue rivers fishing and food crops, Edo, Nigeria",767.1041666666666,48
"Niger and Benue rivers flood plain rice with maize, vegetables, and livestock, Edo, Nigeria",767.1041666666666,48
"Niger-Benue rivers fishing and food crops, Anambra, Nigeria",727.3125,48
"Niger and Benue rivers flood plain rice with maize, vegetables, and livestock, Anambra, Nigeria",727.3125,48
"Ankaratra: staple crops, horticulture, milk, Betafo, Vakinankaratra, Madagascar",706.8541666666666,48
"Ankaratra: staple crops, horticulture, milk, Antanifotsy, Vakinankaratra, Madagascar",706.7083333333334,48
"Ankaratra: staple crops, horticulture, milk, Faratsiho, Vakinankaratra, Madagascar",706.6666666666666,48
"Ankaratra: staple crops, horticulture, milk, Ambatolampy, Vakinankaratra, Madagascar",706.6041666666666,48
"Agropastoral midwest: rice, maize, pulses, Mandoto, Vakinankaratra, Madagascar",706.5625,48
"Ankaratra: staple crops, horticulture, milk, Antsirabe II, Vakinankaratra, Madagascar",706.5625,48
"Ankaratra: staple crops, horticulture, milk, Antsirabe I, Vakinankaratra, Madagascar",706.5625,48
"Borno-Yobe-Bauchi millet, cowpeas, groundnuts, and sesame, Fune, Yobe, Nigeria",701.8333333333334,48
"Niger and Benue rivers flood plain rice with maize, vegetables, and livestock, Delta, Nigeria",682.5,48
"Central Highlands, High Potential Zone, Starehe, Nairobi, Kenya",667.2083333333334,48
"Niger and Benue rivers flood plain rice with maize, vegetables, and livestock, Enugu, Nigeria",656.0,48
"Rubkona, Unity, South Sudan",614.9375,48
"Pariang, Unity, South Sudan",607.5625,48
"Mayendit, Unity, South Sudan",607.5625,48
"Leer, Unity, South Sudan",607.5625,48
"Panyijiar, Unity, South Sudan",607.5625,48
"Koch, Unity, South Sudan",607.5625,48
"Guit, Unity, South Sudan",607.5625,48
"Abiemnhom, Unity, South Sudan",607.5625,48
"Mayom, Unity, South Sudan",607.5625,48
"Niger and Benue rivers flood plain rice with maize, vegetables, and livestock, Kogi, Nigeria",599.75,48
"Niger-Benue rivers fishing and food crops, Kwara, Nigeria",586.1875,48
"Niger and Benue rivers flood plain rice with maize, vegetables, and livestock, Kwara, Nigeria",586.1875,48
"Borno-Yobe-Bauchi millet, cowpeas, groundnuts, and sesame, Damaturu, Yobe, Nigeria",586.1666666666666,48
"Borno-Yobe-Bauchi millet, cowpeas, groundnuts, and sesame, Konduga, Borno, Nigeria",580.3541666666666,48
"Niger and Benue rivers flood plain rice with maize, vegetables, and livestock, Gombi, Adamawa, Nigeria",577.9375,48
"Niger-Benue rivers fishing and food crops, Gombi, Adamawa, Nigeria",577.9375,48
"Borno-Yobe-Bauchi millet, cowpeas, groundnuts, and sesame, Gombe, Nigeria",568.1041666666666,48
"Kolfe - Keran, Region 14, Addis Ababa, Ethiopia",555.0833333333334,48
"Borno-Yobe-Bauchi millet, cowpeas, groundnuts, and sesame, Maiduguri, Borno, Nigeria",549.5208333333334,48
"Borno-Yobe-Bauchi millet, cowpeas, groundnuts, and sesame, Jigawa, Nigeria",543.3125,48
"Borno-Yobe-Bauchi millet, cowpeas, groundnuts, and sesame, Fika, Yobe, Nigeria",535.3958333333334,48
"Borno-Yobe-Bauchi millet, cowpeas, groundnuts, and sesame, Guzamala, Borno, Nigeria",534.7708333333334,48
"Hadeija-Nguru wetlands: mixed cereals, vegetables, and fishing, Bauchi, Nigeria",531.4791666666666,48
"Tenta, South Wello, Amhara, Ethiopia",529.4583333333334,48
"Tenta, South Wollo, Amhara, Ethiopia",529.4583333333334,48
"Borno-Yobe-Bauchi millet, cowpeas, groundnuts, and sesame, Gubio, Borno, Nigeria",527.2083333333334,48
"Coastal strip and Niger Delta: fishing, cassava, plantain, oil palm, and rubber, Anambra, Nigeria",526.1666666666666,48
"Borno-Yobe-Bauchi millet, cowpeas, groundnuts, and sesame, Jere, Borno, Nigeria",526.0208333333334,48
"Borno-Yobe-Bauchi millet, cowpeas, groundnuts, and sesame, Mafa, Borno, Nigeria",525.875,48
"Borno-Yobe-Bauchi millet, cowpeas, groundnuts, and sesame, Nangere, Yobe, Nigeria",524.6666666666666,48
"Borno-Yobe-Bauchi millet, cowpeas, groundnuts, and sesame, Kaga, Borno, Nigeria",524.3333333333334,48
"Borno-Yobe-Bauchi millet, cowpeas, groundnuts, and sesame, Potiskum, Yobe, Nigeria",524.0,48
"Borno-Yobe-Bauchi millet, cowpeas, groundnuts, and sesame, Jakusko, Yobe, Nigeria",523.625,48
"Borno-Yobe-Bauchi millet, cowpeas, groundnuts, and sesame, Nganzai, Borno, Nigeria",523.6041666666666,48
"Borno-Yobe-Bauchi millet, cowpeas, groundnuts, and sesame, Tarmuwa, Yobe, Nigeria",523.4791666666666,48
"Borno-Yobe-Bauchi millet, cowpeas, groundnuts, and sesame, Kukawa, Borno, Nigeria",523.4166666666666,48
"Borno-Yobe-Bauchi millet, cowpeas, groundnuts, and sesame, Magumeri, Borno, Nigeria",523.3958333333334,48
"Borno-Yobe-Bauchi millet, cowpeas, groundnuts, and sesame, Monguno, Borno, Nigeria",523.3541666666666,48
"Borno-Yobe-Bauchi millet, cowpeas, groundnuts, and sesame, Bauchi, Nigeria",523.3125,48
"Central sorghum, maize, groundnuts, cowpeas, and sesame, Bauchi, Nigeria",523.2916666666666,48
"North-east sahelian: millet, sesame, cowpeas, and livestock, Bauchi, Nigeria",523.2916666666666,48
"North-west and central maize dominant, with sorghum, sweet potatoes, and cowpeas, Bauchi, Nigeria",523.2916666666666,48
"Niger and Benue rivers flood plain rice with maize, vegetables, and livestock, Taraba, Nigeria",517.3958333333334,48
"Niger-Benue rivers fishing and food crops, Taraba, Nigeria",517.3958333333334,48
"Niger and Benue rivers flood plain rice with maize, vegetables, and livestock, Yola North, Adamawa, Nigeria",499.4375,48
"Niger-Benue rivers fishing and food crops, Yola North, Adamawa, Nigeria",499.4375,48
"Coastal strip and Niger Delta: fishing, cassava, plantain, oil palm, and rubber, Ogun, Nigeria",494.0208333333333,48
"Niger-Benue rivers fishing and food crops, Fufore, Adamawa, Nigeria",492.875,48
"Niger and Benue rivers flood plain rice with maize, vegetables, and livestock, Fufore, Adamawa, Nigeria",492.875,48
"Coastal strip and Niger Delta: fishing, cassava, plantain, oil palm, and rubber, Bayelsa, Nigeria",490.125,48
"Niger and Benue rivers flood plain rice with maize, vegetables, and livestock, Demsa, Adamawa, Nigeria",480.3125,48
"Niger-Benue rivers fishing and food crops, Demsa, Adamawa, Nigeria",480.3125,48
"Niger-Benue rivers fishing and food crops, Numan, Adamawa, Nigeria",477.6875,48
"Niger and Benue rivers flood plain rice with maize, vegetables, and livestock, Numan, Adamawa, Nigeria",477.6875,48
"Niger and Benue rivers flood plain rice with maize, vegetables, and livestock, Guyuk, Adamawa, Nigeria",477.6666666666667,48
"Coastal strip and Niger Delta: fishing, cassava, plantain, oil palm, and rubber, Rivers, Nigeria",477.5416666666667,48
"Niger and Benue rivers flood plain rice with maize, vegetables, and livestock, Lamurde, Adamawa, Nigeria",477.4791666666667,48
"Niger-Benue rivers fishing and food crops, Lamurde, Adamawa, Nigeria",477.4791666666667,48
"Niger-Benue rivers fishing and food crops, Niger, Nigeria",477.3541666666667,48
"Niger-Benue rivers fishing and food crops, Benue, Nigeria",477.3541666666667,48
"Niger and Benue rivers flood plain rice with maize, vegetables, and livestock, Benue, Nigeria",477.3541666666667,48
"Niger and Benue rivers flood plain rice with maize, vegetables, and livestock, Niger, Nigeria",477.3541666666667,48
"Coastal strip and Niger Delta: fishing, cassava, plantain, oil palm, and rubber, Ebonyi, Nigeria",462.9166666666667,48
"Juba, Central Equatoria, South Sudan",461.7708333333333,48
"Coastal strip and Niger Delta: fishing, cassava, plantain, oil palm, and rubber, Ondo, Nigeria",443.375,48
"Northwestern Pastoral Zone, Lodwa Township, Turkana Central, Turkana, Kenya",381.3541666666667,48
"Turkwell Riverine Zone, Lodwa Township, Turkana Central, Turkana, Kenya",381.3541666666667,48
"Coastal strip and Niger Delta: fishing, cassava, plantain, oil palm, and rubber, Akwa Ibom, Nigeria",376.5625,48
"Coastal strip and Niger Delta: fishing, cassava, plantain, oil palm, and rubber, Cross River, Nigeria",373.4375,48
"Northeastern Pastoral Zone, Township, Wajir East, Wajir, Kenya",371.4375,48
"Eastern Pastoral Zone, Sankuri, Garissa Township, Garissa, Kenya",371.2708333333333,48
"Mandera Riverine Zone, Township, Mandera East, Mandera, Kenya",371.2291666666667,48
"Northeastern Agropastoral Zone, Moyale Township, Moyale, Marsabit, Kenya",371.2083333333333,48
"Eastern Pastoral Zone, Waberi, Garissa Township, Garissa, Kenya",371.1458333333333,48
"Eastern Pastoral Zone, Iftin, Garissa Township, Garissa, Kenya",371.125,48
"Eastern Pastoral Zone, Galbet, Garissa Township, Garissa, Kenya",371.0833333333333,48
"Eastern Pastoral Zone, Balambala, Garissa Township, Garissa, Kenya",371.0833333333333,48
"Kano-Katsina sudanian: sorghum, maize, rice, and groundnuts, Kaduna, Nigeria",362.5208333333333,48
"Central yams and maize belt, with cassava, rice, and soybeans, Nasarawa, Nigeria",353.8333333333333,48
"Kinshasa Peri-urban, Kasangulu, Kongo-Central, Democratic Republic of the Congo, Congo, The Democratic Republic of the",337.3125,48
"Fishing and Staples Riverine, City of Kinshasa, Kinshasa, Democratic Republic of the Congo, Congo, The Democratic Republic of the",335.625,48
"Kinshasa Peri-urban, City of Kinshasa, Kinshasa, Democratic Republic of the Congo, Congo, The Democratic Republic of the",335.625,48
"Cassava, Maize and Groundnuts, City of Kinshasa, Kinshasa, Democratic Republic of the Congo, Congo, The Democratic Republic of the",335.625,48
"Central plateau cereals and market gardening, Passore, Nord, Burkina Faso",308.2121212121212,33
"West cereals and remittances, Passore, Nord, Burkina Faso",308.2121212121212,33
"North-east maize dominant with rice, cowpeas, soybeans, and groundnuts, Damboa, Borno, Nigeria",304.0208333333333,48
"Cassava dominant with maize, yams, and tree-crops, Edo, Nigeria",289.75,48
"Sokoto-Rima-Kano riverine flood plain rice and fishing, Gusau, Zamfara, Nigeria",287.0416666666667,48
"Sokoto-Rima-Kano riverine flood plain rice and fishing, Kaura-Namoda, Zamfara, Nigeria",283.9166666666667,48
"Coastal strip and Niger Delta: fishing, cassava, plantain, oil palm, and rubber, Delta, Nigeria",276.2083333333333,48
"Kano-Katsina sahelian: millet, sorghum, sesame, and livestock, Dutsin-Ma, Katsina, Nigeria",274.25,48
"Central yams and maize belt, with cassava, rice, and soybeans, Oyo, Nigeria",264.875,48
"South-west cocoa with oil palm, tubers, and cereals, Oyo, Nigeria",264.875,48
"Cassava dominant with maize, yams, and tree-crops, Oyo, Nigeria",264.875,48
"South-east cassava, cereals, and oil palm with extensive off-farm work and trade, Anambra, Nigeria",250.45833333333334,48
"South-east rice dominant with cassava, yams, and oil palm, Anambra, Nigeria",249.95833333333334,48
"Benue river sugar cane, rice, and sugar estate labor, Taraba, Nigeria",245.0,48
"Southern Highland Cattle and Mixed Cropping, Moamba, Maputo, Mozambique",240.47916666666666,48
"Southern Highland Cattle and Mixed Cropping, Boane, Maputo, Mozambique",240.375,48
"Southern Coastal Rishing, Manioc, and Maize, Boane, Maputo, Mozambique",240.375,48
"Southern Highland Cattle and Mixed Cropping, Namaacha, Maputo, Mozambique",240.33333333333334,48
"Southern Highland Cattle and Mixed Cropping, Magude, Maputo, Mozambique",240.3125,48
"Southern Coastal Rishing, Manioc, and Maize, Cidade Da Matola, Maputo, Mozambique",240.04166666666666,48
"Southern Coastal Rishing, Manioc, and Maize, Marracuene, Maputo, Mozambique",240.0,48
"Southern Highland Cattle and Mixed Cropping, Matutuine, Maputo, Mozambique",239.9375,48
"Southern Coastal Rishing, Manioc, and Maize, Manhiça, Maputo, Mozambique",239.9375,48
"Southern Coastal Rishing, Manioc, and Maize, Manhica, Maputo, Mozambique",239.9375,48
"Southern Coastal Rishing, Manioc, and Maize, Maputo City, Maputo City, Mozambique",239.9375,48
"Southern Coastal Rishing, Manioc, and Maize, Matola City, Maputo, Mozambique",239.9375,48
"Southern Coastal Rishing, Manioc, and Maize, Matutuine, Maputo, Mozambique",239.9375,48
"Southern Coastal Rishing, Manioc, and Maize, Cidade De Maputo, Maputo City, Mozambique",239.9375,48
"Sokoto-Rima-Kano riverine flood plain rice and fishing, Maru, Zamfara, Nigeria",234.5625,48
"Sokoto-Rima-Kano riverine flood plain rice and fishing, Wamako, Sokoto, Nigeria",233.20833333333334,48
"Kano-Katsina sahelian: millet, sorghum, sesame, and livestock, Dutsi, Katsina, Nigeria",230.75,48
"South-west rice, cassava, and cattle with cross-border trade, Ogun, Nigeria",217.8125,48
"Cassava dominant with maize, yams, and tree-crops, Ogun, Nigeria",217.8125,48
"Central yams and maize belt, with cassava, rice, and soybeans, Ogun, Nigeria",217.8125,48
"Kano-Katsina sudanian: sorghum, maize, rice, and groundnuts, Malumfashi, Katsina, Nigeria",216.375,48
"Kano-Katsina sudanian: sorghum, maize, rice, and groundnuts, Danja, Katsina, Nigeria",214.9375,48
"Sokoto-Rima-Kano riverine flood plain rice and fishing, Birnin Magaji, Zamfara, Nigeria",210.41666666666666,48
"Urban, Bulawayo, Bulawayo, Zimbabwe",205.7,30
"Benue river sugar cane, rice, and sugar estate labor, Numan, Adamawa, Nigeria",205.29166666666666,48
"Cassava dominant with maize, yams, and tree-crops, Delta, Nigeria",205.14583333333334,48
"Benue river sugar cane, rice, and sugar estate labor, Lamurde, Adamawa, Nigeria",205.08333333333334,48
"Central yams and maize belt, with cassava, rice, and soybeans, Benue, Nigeria",204.95833333333334,48
"Cassava dominant with maize, yams, and tree-crops, Benue, Nigeria",204.95833333333334,48
"Cashews with oil palm, tubers, and maize, Benue, Nigeria",204.95833333333334,48
"Citrus fruits with tubers, cereals, soybeans, and groundnuts, Benue, Nigeria",204.95833333333334,48
"South-east cassava, cereals, and oil palm with extensive off-farm work and trade, Rivers, Nigeria",201.83333333333334,48
"Chad Basin: masakwa flood-recession sorghum and wheat, Rivers, Nigeria",201.33333333333334,48
"North-west and central maize dominant, with sorghum, sweet potatoes, and cowpeas, Kaduna, Nigeria",201.29166666666666,48
"Central yams and maize belt, with cassava, rice, and soybeans, Kaduna, Nigeria",201.29166666666666,48
"Central sorghum, maize, groundnuts, cowpeas, and sesame, Kaduna, Nigeria",201.29166666666666,48
"Coastal Medium Potential Farming Zone, Rabai, Kilifi, Kenya",198.85416666666666,48
"Coastal Marginal Agricultural Mixed Farming Zone, Rabai, Kilifi, Kenya",198.85416666666666,48
"North-west sorghum, maize, soybeans, and rice, Gusau, Zamfara, Nigeria",193.35416666666666,48
"Sokoto millet, cowpeas, groundnuts, and livestock, Kaura-Namoda, Zamfara, Nigeria",190.22916666666666,48
"South-east rice dominant with cassava, yams, and oil palm, Ebonyi, Nigeria",186.70833333333334,48
"Kano-Katsina sudanian: sorghum, maize, rice, and groundnuts, Faskari, Katsina, Nigeria",184.875,48
"Sokoto-Rima-Kano riverine flood plain rice and fishing, Faskari, Katsina, Nigeria",184.875,48
"Kano-Katsina sudanian: sorghum, maize, rice, and groundnuts, Funtua, Katsina, Nigeria",184.375,48
"Kano-Katsina sudanian: sorghum, maize, rice, and groundnuts, Bakori, Katsina, Nigeria",183.72916666666666,48
"Kano-Katsina sahelian: millet, sorghum, sesame, and livestock, Kurfi, Katsina, Nigeria",183.66666666666666,48
"Kano-Katsina sahelian: millet, sorghum, sesame, and livestock, Jigawa, Nigeria",181.22916666666666,48
"South-east rice dominant with cassava, yams, and oil palm, Enugu, Nigeria",178.64583333333334,48
"Cashews with oil palm, tubers, and maize, Enugu, Nigeria",178.64583333333334,48
"Fune IDP camp, Nigeria",178.52083333333334,48
"Western Agropastoral Millet, Ag Geneina, West Darfur, Sudan",176.08333333333334,48
"El Geneina Camps (Geneina, Ardamata, Kerending 1 & 2), Sudan",173.27083333333334,48
"Rainfed Sorghum Belt, Ag Geneina, West Darfur, Sudan",173.27083333333334,48
"Ouagadougou peri-urban, Oubritenga, Plateau-Central, Burkina Faso",172.0625,48
"Kano-Katsina sudanian: sorghum, maize, rice, and groundnuts, Dandume, Katsina, Nigeria",171.22916666666666,48
"Ouagadougou peri-urban, Kadiogo, Centre, Burkina Faso",170.5,48
"Southern Cattle and Cereal Farming, Beitbridge Rural, Matabeleland South, Zimbabwe",170.0,29
"Beitbridge South Western Lowveld Communal, Beitbridge Rural, Matabeleland South, Zimbabwe",169.75862068965517,29
"Kano-Katsina sahelian: millet, sorghum, sesame, and livestock, Rimi, Katsina, Nigeria",169.10416666666666,48
"Kano-Katsina sudanian: sorghum, maize, rice, and groundnuts, Kafur, Katsina, Nigeria",169.0625,48
"Sokoto-Rima-Kano riverine flood plain rice and fishing, Kafur, Katsina, Nigeria",169.0625,48
"Kano-Katsina sahelian: millet, sorghum, sesame, and livestock, Matazu, Katsina, Nigeria",168.20833333333334,48
"Kano-Katsina sahelian: millet, sorghum, sesame, and livestock, Bindawa, Katsina, Nigeria",167.875,48
"Sokoto-Rima-Kano riverine flood plain rice and fishing, Kankara, Katsina, Nigeria",167.83333333333334,48
"Kano-Katsina sudanian: sorghum, maize, rice, and groundnuts, Kankara, Katsina, Nigeria",167.83333333333334,48
"Kano-Katsina sahelian: millet, sorghum, sesame, and livestock, Dan Musa, Katsina, Nigeria",167.70833333333334,48
"South-west cocoa with oil palm, tubers, and cereals, Ondo, Nigeria",167.16666666666666,48
"Cassava dominant with maize, yams, and tree-crops, Ondo, Nigeria",167.16666666666666,48
"Kano-Katsina sahelian: millet, sorghum, sesame, and livestock, Baure, Katsina, Nigeria",165.75,48
"Kano-Katsina sahelian: millet, sorghum, sesame, and livestock, Charanchi, Katsina, Nigeria",164.66666666666666,48
"Kano-Katsina sahelian: millet, sorghum, sesame, and livestock, Batagarawa, Katsina, Nigeria",164.10416666666666,48
"Kano-Katsina sahelian: millet, sorghum, sesame, and livestock, Ingawa, Katsina, Nigeria",163.02083333333334,48
"Kano-Katsina sahelian: millet, sorghum, sesame, and livestock, Daura, Katsina, Nigeria",162.9375,48
"Sokoto-Rima-Kano riverine flood plain rice and fishing, Safana, Katsina, Nigeria",162.41666666666666,48
"Kano-Katsina sudanian: sorghum, maize, rice, and groundnuts, Musawa, Katsina, Nigeria",162.16666666666666,48
"Kano-Katsina sudanian: sorghum, maize, rice, and groundnuts, Sabuwa, Katsina, Nigeria",161.91666666666666,48
"Kano-Katsina sahelian: millet, sorghum, sesame, and livestock, Zango, Katsina, Nigeria",161.5625,48
"Kano-Katsina sahelian: millet, sorghum, sesame, and livestock, Kaita, Katsina, Nigeria",161.54166666666666,48
"Kano-Katsina sahelian: millet, sorghum, sesame, and livestock, Kusada, Katsina, Nigeria",161.54166666666666,48
"Kano-Katsina sahelian: millet, sorghum, sesame, and livestock, Kankia, Katsina, Nigeria",161.54166666666666,48
"Kano-Katsina sahelian: millet, sorghum, sesame, and livestock, Mashi, Katsina, Nigeria",161.33333333333334,48
"Kano-Katsina sahelian: millet, sorghum, sesame, and livestock, Mani, Katsina, Nigeria",161.33333333333334,48
"Kano-Katsina sahelian: millet, sorghum, sesame, and livestock, Mai'Adua, Katsina, Nigeria",161.29166666666666,48
"Kano-Katsina sahelian: millet, sorghum, sesame, and livestock, Sandamu, Katsina, Nigeria",161.25,48
"Kano-Katsina sahelian: millet, sorghum, sesame, and livestock, Katsina, Katsina, Nigeria",161.22916666666666,48
"Kano-Katsina sahelian: millet, sorghum, sesame, and livestock, Kano, Nigeria",161.22916666666666,48
"Kano-Katsina sudanian: sorghum, maize, rice, and groundnuts, Kano, Nigeria",161.22916666666666,48
"Urban, Bamako, Bamako, Mali",155.9375,48
"Lakeshore and Riverbank Fishing Zone, Kampala, Central, Uganda",152.76666666666668,30
"Urban, Kampala, Central, Uganda",152.76666666666668,30
"Central Agropastoral, N'Djamena, N'Djamena, Chad",151.70833333333334,48
"Southeastern Marginal Mixed Farming Zone, Kitui Central, Kitui, Kenya",149.5625,48
"Guba Lafto, North Wollo, Amhara, Ethiopia",146.70833333333334,48
"Guba Lafto, North Wello, Amhara, Ethiopia",146.70833333333334,48
"Sokoto-Rima-Kano riverine flood plain rice and fishing, Sokoto North, Sokoto, Nigeria",144.6875,48
"Bikita-Zaka Highlands Communal, Bikita, Masvingo, Zimbabwe",142.17241379310346,29
"Bikita-Zaka Highlands Communal, Masvingo Rural, Masvingo, Zimbabwe",142.17241379310346,29
"Bikita-Zaka Highlands Communal, Zaka, Masvingo, Zimbabwe",142.17241379310346,29
"Urban, Bikita, Masvingo, Zimbabwe",141.55172413793105,29
"Save River Valley and Ndowoyo Communal, Bikita, Masvingo, Zimbabwe",141.55172413793105,29
"Masvingo Manicaland Middleveld Smallholder, Bikita, Masvingo, Zimbabwe",141.55172413793105,29
"North-west sorghum, maize, soybeans, and rice, Maru, Zamfara, Nigeria",140.875,48
"Sokoto millet, cowpeas, groundnuts, and livestock, Wamako, Sokoto, Nigeria",139.52083333333334,48
"Cassava dominant with maize, yams, and tree-crops, Ekiti, Nigeria",138.02083333333334,48
"Central yams and maize belt, with cassava, rice, and soybeans, Ekiti, Nigeria",138.02083333333334,48
"South-west cocoa with oil palm, tubers, and cereals, Ekiti, Nigeria",138.02083333333334,48
"South-west cocoa with oil palm, tubers, and cereals, Osun, Nigeria",131.70833333333334,48
"Cassava dominant with maize, yams, and tree-crops, Osun, Nigeria",131.70833333333334,48
"Central yams and maize belt, with cassava, rice, and soybeans, Osun, Nigeria",131.70833333333334,48
"South-east cassava, cereals, and oil palm with extensive off-farm work and trade, Abia, Nigeria",130.91666666666666,48
"Cashews with oil palm, tubers, and maize, Abia, Nigeria",130.41666666666666,48
"Central and Northern Semi Intensive Farming, Gutu, Masvingo, Zimbabwe",128.79310344827587,29
"Masvingo Manicaland Middleveld Smallholder, Gutu, Masvingo, Zimbabwe",128.79310344827587,29
"Northern Cattle and Cereal Farming, Gutu, Masvingo, Zimbabwe",128.79310344827587,29
"Sokoto-Rima-Kano riverine flood plain rice and fishing, Tambuwal, Sokoto, Nigeria",127.64583333333333,48
"Sokoto-Rima-Kano riverine flood plain rice and fishing, Kebbi, Nigeria",127.29166666666667,48
"Cashews with oil palm, tubers, and maize, Kogi, Nigeria",122.39583333333333,48
"Central yams and maize belt, with cassava, rice, and soybeans, Kogi, Nigeria",122.39583333333333,48
"Cassava dominant with maize, yams, and tree-crops, Kogi, Nigeria",122.39583333333333,48
"Sokoto-Rima-Kano riverine flood plain rice and fishing, Bakura, Zamfara, Nigeria",121.66666666666667,48
"Kariba Valley and Kariangwe-Jambezi Communal, Hwange Rural, Matabeleland North, Zimbabwe",119.46428571428571,28
"Sokoto-Rima-Kano riverine flood plain rice and fishing, Bungudu, Zamfara, Nigeria",118.70833333333333,48
"Northeastern Highland Forest, Palma, Cabo Delgado, Mozambique",118.27083333333333,48
"North-Central Coastal Fishing, Palma, Cabo Delgado, Mozambique",118.27083333333333,48
"Western Kalahari Sandveld Communal, Hwange Rural, Matabeleland North, Zimbabwe",117.96428571428571,28
"Sokoto millet, cowpeas, groundnuts, and livestock, Birnin Magaji, Zamfara, Nigeria",116.72916666666667,48
"Central Highlands, High Potential Zone, Embakasi West, Nairobi, Kenya",114.5625,48
"Central Highlands, High Potential Zone, Embakasi North, Nairobi, Kenya",110.41666666666667,48
"North-east maize dominant with rice, cowpeas, soybeans, and groundnuts, Chibok, Borno, Nigeria",109.9375,48
"Sokoto-Rima-Kano riverine flood plain rice and fishing, Bursari, Yobe, Nigeria",109.125,48
"Highveld Prime Cereal and Cash Crop Resettlement, Chegutu Rural, Mashonaland West, Zimbabwe",108.86206896551724,29
"Central yams and maize belt, with cassava, rice, and soybeans, Kwara, Nigeria",108.83333333333333,48
"Cassava dominant with maize, yams, and tree-crops, Kwara, Nigeria",108.83333333333333,48
"Sokoto-Rima-Kano riverine flood plain rice and fishing, Gummi, Zamfara, Nigeria",107.79166666666667,48
"South-east cassava, cereals, and oil palm with extensive off-farm work and trade, Imo, Nigeria",105.45833333333333,48
"Sokoto-Rima-Kano riverine flood plain rice and fishing, Illela, Sokoto, Nigeria",105.02083333333333,48
"Central Highlands, High Potential Zone, Embakasi South, Nairobi, Kenya",104.97916666666667,48
"Cashews with oil palm, tubers, and maize, Imo, Nigeria",104.95833333333333,48
"Sokoto-Rima-Kano riverine flood plain rice and fishing, Goronyo, Sokoto, Nigeria",104.625,48
"Central Highlands, High Potential Zone, Embakasi Central, Nairobi, Kenya",104.33333333333333,48
"Central Highlands, High Potential Zone, Embakasi East, Nairobi, Kenya",103.95833333333333,48
"Sokoto-Rima-Kano riverine flood plain rice and fishing, Gudu, Sokoto, Nigeria",102.52083333333333,48
"South-east cassava, cereals, and oil palm with extensive off-farm work and trade, Akwa Ibom, Nigeria",100.85416666666667,48
"Central sorghum, maize, groundnuts, cowpeas, and sesame, Gombi, Adamawa, Nigeria",100.58333333333333,48
"Sokoto-Rima-Kano riverine flood plain rice and fishing, Gwadabawa, Sokoto, Nigeria",100.58333333333333,48
"North-east maize dominant with rice, cowpeas, soybeans, and groundnuts, Hawul, Borno, Nigeria",99.79166666666667,48
"Sokoto-Rima-Kano riverine flood plain rice and fishing, Tsafe, Zamfara, Nigeria",98.58333333333333,48
"Sokoto-Rima-Kano riverine flood plain rice and fishing, Sokoto South, Sokoto, Nigeria",98.02083333333333,48
"Marsabit Marginal Mixed Farming Zone, Marsabit Central, Saku, Marsabit, Kenya",97.72916666666667,48
"South-east rice dominant with cassava, yams, and oil palm, Cross River, Nigeria",97.22916666666667,48
"Cross river cocoa with oil palm, tubers, rice, and plantain, Cross River, Nigeria",97.22916666666667,48
"Sokoto-Rima-Kano riverine flood plain rice and fishing, Talata Mafara, Zamfara, Nigeria",94.8125,48
"Sokoto-Rima-Kano riverine flood plain rice and fishing, Sabon Birni, Sokoto, Nigeria",94.79166666666667,48
"Sokoto-Rima-Kano riverine flood plain rice and fishing, Kware, Sokoto, Nigeria",94.70833333333333,48
"Sokoto-Rima-Kano riverine flood plain rice and fishing, Isa, Sokoto, Nigeria",94.625,48
"Sokoto-Rima-Kano riverine flood plain rice and fishing, Silame, Sokoto, Nigeria",94.60416666666667,48
"Sokoto-Rima-Kano riverine flood plain rice and fishing, Zurmi, Zamfara, Nigeria",94.54166666666667,48
"Sokoto-Rima-Kano riverine flood plain rice and fishing, Shinkafi, Zamfara, Nigeria",94.52083333333333,48
"Sokoto-Rima-Kano riverine flood plain rice and fishing, Kebbe, Sokoto, Nigeria",94.3125,48
"Sokoto-Rima-Kano riverine flood plain rice and fishing, Rabah, Sokoto, Nigeria",94.08333333333333,48
"Sokoto-Rima-Kano riverine flood plain rice and fishing, Wurno, Sokoto, Nigeria",93.77083333333333,48
"Central sorghum, maize, groundnuts, cowpeas, and sesame, Kano, Nigeria",93.6875,48
"Sokoto-Rima-Kano riverine flood plain rice and fishing, Kano, Nigeria",93.6875,48
"North-west and central maize dominant, with sorghum, sweet potatoes, and cowpeas, Kano, Nigeria",93.6875,48
"Beitbridge South Western Lowveld Communal, Chiredzi Rural, Masvingo, Zimbabwe",93.58620689655173,29
"Beitbridge South Western Lowveld Communal, Gwanda Rural, Matabeleland South, Zimbabwe",91.0,29
"Eastern Rainfed Cereals and Market Gardening, Assongha, Ouaddai, Chad",89.78571428571429,28
"Lusulu, Lupane and Southern Gokwe Mixed Agriculture, Binga, Matabeleland North, Zimbabwe",89.39285714285714,28
"Masvingo Manicaland Middleveld Smallholder, Buhera, Manicaland, Zimbabwe",89.17241379310344,29
"Central and Northern Semi Intensive Farming, Buhera, Manicaland, Zimbabwe",84.20689655172414,29
"Highveld Prime Cereal and Cash Crop Resettlement, Bindura Rural, Mashonaland Central, Zimbabwe",82.65517241379311,29
"Southern Riverine Small/Medium-scale Cultivation, Reifi Aroma, Kassala, Sudan",81.9375,48
"Eastern Agropastoral Sorghum, Reifi Aroma, Kassala, Sudan",81.9375,48
"Eastern Pastoral, Reifi Aroma, Kassala, Sudan",81.9375,48
"Northern Riverine Small-scale Cultivation, Reifi Aroma, Kassala, Sudan",81.9375,48
"Eastern Agropastoral Sorghum, Reifi Nahr Atbara, Kassala, Sudan",81.75,48
"Central Irrigated Schemes, Reifi Nahr Atbara, Kassala, Sudan",81.75,48
"Northern Riverine Small-scale Cultivation, Reifi Nahr Atbara, Kassala, Sudan",81.75,48
"Central Irrigated Schemes, Halfa Aj Jadeedah, Kassala, Sudan",81.625,48
"Southeast Rainfed Semi-mechanized Agriculture, Reifi Kassla, Kassala, Sudan",81.625,48
"Eastern Agropastoral Sorghum, Reifi Khashm Elgirba, Kassala, Sudan",81.625,48
"Eastern Agropastoral Sorghum, Halfa Aj Jadeedah, Kassala, Sudan",81.625,48
"Eastern Agropastoral Sorghum, Reifi Kassla, Kassala, Sudan",81.625,48
"Southern Riverine Small/Medium-scale Cultivation, Reifi Kassla, Kassala, Sudan",81.625,48
"Eastern Pastoral, Reifi Hamashkureib, Kassala, Sudan",81.625,48
"Eastern Pastoral, Reifi Khashm Elgirba, Kassala, Sudan",81.625,48
"Southern Riverine Small/Medium-scale Cultivation, Reifi Shamal Ad Delta, Kassala, Sudan",81.625,48
"Flood-retreat Cultivation, Reifi Shamal Ad Delta, Kassala, Sudan",81.625,48
"Southern Riverine Small/Medium-scale Cultivation, Madeinat Kassala, Kassala, Sudan",81.625,48
"Northern Riverine Small-scale Cultivation, Halfa Aj Jadeedah, Kassala, Sudan",81.625,48
"Eastern Pastoral, Reifi Telkok, Kassala, Sudan",81.625,48
"Eastern Pastoral, Reifi Shamal Ad Delta, Kassala, Sudan",81.625,48
"Southeast Rainfed Semi-mechanized Agriculture, Reifi Wad Elhilaiw, Kassala, Sudan",81.625,48
"Eastern Agropastoral Sorghum, Reifi Gharb Kassala, Kassala, Sudan",81.625,48
"Eastern Agropastoral Sorghum, Madeinat Kassala, Kassala, Sudan",81.625,48
"Eastern Agropastoral Sorghum, Reifi Telkok, Kassala, Sudan",81.625,48
"Eastern Agropastoral Sorghum, Reifi Shamal Ad Delta, Kassala, Sudan",81.625,48
"Southern Cattle and Cereal Farming, Chiredzi Rural, Masvingo, Zimbabwe",80.75862068965517,29
"Save River Valley and Ndowoyo Communal, Chiredzi Rural, Masvingo, Zimbabwe",80.51724137931035,29
"Irrigated Commercial Sugar and Fruit Farming, Chiredzi Rural, Masvingo, Zimbabwe",80.51724137931035,29
"Kariba Valley and Kariangwe-Jambezi Communal, Binga, Matabeleland North, Zimbabwe",80.35714285714286,28
"Sokoto millet, cowpeas, groundnuts, and livestock, Batsari, Katsina, Nigeria",79.10416666666667,48
"Highveld Prime Communal, Chegutu Rural, Mashonaland West, Zimbabwe",79.07142857142857,28
"Urban, Chegutu Urban, Mashonaland West, Zimbabwe",79.07142857142857,28
"Cereal and Low Cotton Communal, Binga, Matabeleland North, Zimbabwe",78.85714285714286,28
"Agrofisheries, Binga, Matabeleland North, Zimbabwe",78.85714285714286,28
"Eastern Kalahari Sandveld Communal, Binga, Matabeleland North, Zimbabwe",78.85714285714286,28
"Western Agropastoral Millet, Tawila, North Darfur, Sudan",78.83333333333333,48
"Southern Cattle and Cereal Farming, Gwanda Rural, Matabeleland South, Zimbabwe",78.17241379310344,29
"Kasungu Lilongwe Plain, Dedza, Central, Malawi",77.47727272727273,44
"North Darfur Tobacco, Tawila, North Darfur, Sudan",76.89583333333333,48
"Kasungu Lilongwe Plain, Mzimba, Northern, Malawi",76.45238095238095,42
"Southern Cattle and Cereal Farming, Bubi, Matabeleland North, Zimbabwe",75.07407407407408,27
